priority,name,address,lat,lng,cuisine,google_maps_link,rating,review_count,added
0,Acropolis,"Brussels, Belgium",50.8209161,4.5118652,Greek,"https://www.google.com/maps/search/Acropolis+Brussels,+Belgium",,,
0,Fairuz,"Stationsstraat 21, 1930, Zaventem",50.8797144,4.4725724,Lebanese,"https://www.google.com/maps/search/Fairuz+Stationsstraat+21,+1930,+Zaventem",,,
0,Snack New Bienfaiteurs,"Brussels, Belgium",50.8584574,4.3843661,Turkish,"https://www.google.com/maps/search/Snack+New+Bienfaiteurs+Brussels,+Belgium",,,
0,Istanbul,"Brussels, Belgium",50.8624988,4.515084,Turkish,"https://www.google.com/maps/search/Istanbul+Brussels,+Belgium",,,
0,La Spartiate,"Brussels, Belgium",50.900237,4.3283509,Greek,"https://www.google.com/maps/search/La+Spartiate+Brussels,+Belgium",,,
0,Snack Felix,"Brussels, Belgium",50.8506835,4.392094,Turkish,"https://www.google.com/maps/search/Snack+Felix+Brussels,+Belgium",,,
0,Rodos Palace,"Brussels, Belgium",50.9058363,4.3073983,Greek,"https://www.google.com/maps/search/Rodos+Palace+Brussels,+Belgium",,,
0,Acropolis,"Brussels, Belgium",50.8691124,4.3283387,Greek,"https://www.google.com/maps/search/Acropolis+Brussels,+Belgium",,,
0,Villa Duoro,"Ninoofsesteenweg 628, 1701, Itterbeek",50.8408298,4.2285259,Portuguese,"https://www.google.com/maps/search/Villa+Duoro+Ninoofsesteenweg+628,+1701,+Itterbeek",,,
0,Village du Vietnam,"Brussels, Belgium",50.8434965,4.4102091,Vietnamese,"https://www.google.com/maps/search/Village+du+Vietnam+Brussels,+Belgium",,,
0,Antigone,"Brussels, Belgium",50.832669,4.3282157,Greek,"https://www.google.com/maps/search/Antigone+Brussels,+Belgium",,,
0,O Beyrouth,"Brussels, Belgium",50.8530973,4.391313,Lebanese,"https://www.google.com/maps/search/O+Beyrouth+Brussels,+Belgium",,,
0,Chao,"Brussels, Belgium",50.8183613,4.3846897,Vietnamese,"https://www.google.com/maps/search/Chao+Brussels,+Belgium",,,
0,Knossos,"Brussels, Belgium",50.8368816,4.3878363,Greek,"https://www.google.com/maps/search/Knossos+Brussels,+Belgium",,,
0,Ellinikon,"Brussels, Belgium",50.8380965,4.3969123,Greek,"https://www.google.com/maps/search/Ellinikon+Brussels,+Belgium",,,
0,Idea,"Brussels, Belgium",50.8387393,4.3707296,Greek,"https://www.google.com/maps/search/Idea+Brussels,+Belgium",,,
0,Le Lotus du Viêt-Nam,"Brussels, Belgium",50.8240423,4.3317057,Vietnamese,"https://www.google.com/maps/search/Le+Lotus+du+Viêt-Nam+Brussels,+Belgium",,,
0,Sehzadee,"Brussels, Belgium",50.9072677,4.3063414,Turkish,"https://www.google.com/maps/search/Sehzadee+Brussels,+Belgium",,,
0,O Assador,"Brussels, Belgium",50.8275183,4.3388507,Portuguese,"https://www.google.com/maps/search/O+Assador+Brussels,+Belgium",,,
0,Mister Greek,"Brussels, Belgium",50.7796697,4.2442275,Greek,"https://www.google.com/maps/search/Mister+Greek+Brussels,+Belgium",,,
0,Chez Lucky,"Brussels, Belgium",50.831087,4.3638119,Lebanese,"https://www.google.com/maps/search/Chez+Lucky+Brussels,+Belgium",,,
0,The Lebanon,"Brussels, Belgium",50.8393709,4.3711925,Lebanese,"https://www.google.com/maps/search/The+Lebanon+Brussels,+Belgium",,,
0,Bánh Mì Express,"Brussels, Belgium",50.8408605,4.3689604,Vietnamese,"https://www.google.com/maps/search/Bánh+Mì+Express+Brussels,+Belgium",,,
0,Kim's Kitchen,"Brussels, Belgium",50.8404175,4.3816774,Korean,"https://www.google.com/maps/search/Kim's+Kitchen+Brussels,+Belgium",,,
0,Le petit Beyrout,"Brussels, Belgium",50.8410473,4.3702683,Lebanese,"https://www.google.com/maps/search/Le+petit+Beyrout+Brussels,+Belgium",,,
0,Antalya,"Brussels, Belgium",50.8848637,4.4706068,Turkish,"https://www.google.com/maps/search/Antalya+Brussels,+Belgium",,,
0,Legend hao,"Brussels, Belgium",50.8465862,4.2971336,Vietnamese,"https://www.google.com/maps/search/Legend+hao+Brussels,+Belgium",,,
0,Au Délice,"Brussels, Belgium",50.8125216,4.3469979,Vietnamese,"https://www.google.com/maps/search/Au+Délice+Brussels,+Belgium",,,
0,Attica,"Brussels, Belgium",50.8429308,4.3754078,Greek,"https://www.google.com/maps/search/Attica+Brussels,+Belgium",,,
0,Gabriel,"Brussels, Belgium",50.8312676,4.4526771,Lebanese,"https://www.google.com/maps/search/Gabriel+Brussels,+Belgium",,,
0,Chapeau,"Brussels, Belgium",50.8212855,4.3892499,Portuguese,"https://www.google.com/maps/search/Chapeau+Brussels,+Belgium",,,
0,L'argonautes,Sint-Amandsstraat 50,50.9086848,4.3581469,Greek,https://www.google.com/maps/search/L'argonautes+Sint-Amandsstraat+50,,,
0,Pizzeria Milano,"Brussels, Belgium",50.8621572,4.5140402,Turkish,"https://www.google.com/maps/search/Pizzeria+Milano+Brussels,+Belgium",,,
0,Tapas Y Mas,"Brussels, Belgium",50.8179449,4.386486,Spanish,"https://www.google.com/maps/search/Tapas+Y+Mas+Brussels,+Belgium",,,
0,KATITi,"Brussels, Belgium",50.8179807,4.3863397,Greek,"https://www.google.com/maps/search/KATITi+Brussels,+Belgium",,,
0,Can Tho,"Brussels, Belgium",50.8397981,4.3734653,Vietnamese,"https://www.google.com/maps/search/Can+Tho+Brussels,+Belgium",,,
0,Ouzerie,"Brussels, Belgium",50.8060078,4.3134265,Greek,"https://www.google.com/maps/search/Ouzerie+Brussels,+Belgium",,,
0,Opéra d'Asie,"Brussels, Belgium",50.7943475,4.309716,Vietnamese,"https://www.google.com/maps/search/Opéra+d'Asie+Brussels,+Belgium",,,
0,Ideal Greek Room,"Brussels, Belgium",50.8298117,4.301092,Greek,"https://www.google.com/maps/search/Ideal+Greek+Room+Brussels,+Belgium",,,
0,Barco Rabelo,"Brussels, Belgium",50.8102015,4.4421353,Portuguese,"https://www.google.com/maps/search/Barco+Rabelo+Brussels,+Belgium",,,
0,Helios,"Brussels, Belgium",50.8889424,4.4707376,Greek,"https://www.google.com/maps/search/Helios+Brussels,+Belgium",,,
0,L'Atlantide,"Brussels, Belgium",50.8408383,4.4007677,Greek,"https://www.google.com/maps/search/L'Atlantide+Brussels,+Belgium",,,
0,Bosphore,"Brussels, Belgium",50.8673366,4.3635468,Turkish,"https://www.google.com/maps/search/Bosphore+Brussels,+Belgium",,,
0,Nammos,"Brussels, Belgium",50.857517,4.3843973,Greek,"https://www.google.com/maps/search/Nammos+Brussels,+Belgium",,,
0,Banh Mi Express,"Brussels, Belgium",50.8415677,4.3833192,Vietnamese,"https://www.google.com/maps/search/Banh+Mi+Express+Brussels,+Belgium",,,
0,Les Enfants du Pirée,"Brussels, Belgium",50.807214,4.3369488,Greek,"https://www.google.com/maps/search/Les+Enfants+du+Pirée+Brussels,+Belgium",,,
0,Café Asturiano,"Brussels, Belgium",50.8359473,4.3101254,Spanish,"https://www.google.com/maps/search/Café+Asturiano+Brussels,+Belgium",,,
0,Emirdag Köftecisi,"Brussels, Belgium",50.8592133,4.3781098,Turkish,"https://www.google.com/maps/search/Emirdag+Köftecisi+Brussels,+Belgium",,,
0,Insel,Stationsstraat 121,50.8841649,4.4711157,Greek,https://www.google.com/maps/search/Insel+Stationsstraat+121,,,
0,Al Khaima,"Brussels, Belgium",50.8702755,4.3731202,Moroccan,"https://www.google.com/maps/search/Al+Khaima+Brussels,+Belgium",,,
0,Casa Juan,"Brussels, Belgium",50.8326745,4.3888522,Spanish,"https://www.google.com/maps/search/Casa+Juan+Brussels,+Belgium",,,
0,Au Cœur Bleu,"Brussels, Belgium",50.778816,4.3253493,Greek,"https://www.google.com/maps/search/Au+Cœur+Bleu+Brussels,+Belgium",,,
0,Hông Loan,"Brussels, Belgium",50.8386874,4.3711685,Vietnamese,"https://www.google.com/maps/search/Hông+Loan+Brussels,+Belgium",,,
0,L’Atlantide,"Brussels, Belgium",50.8453105,4.3870336,Greek,"https://www.google.com/maps/search/L’Atlantide+Brussels,+Belgium",,,
0,Melya,"Brussels, Belgium",50.8232627,4.5134967,Greek,"https://www.google.com/maps/search/Melya+Brussels,+Belgium",,,
0,Mawal,"Brussels, Belgium",50.8440685,4.4206956,Lebanese,"https://www.google.com/maps/search/Mawal+Brussels,+Belgium",,,
0,Gyroland,"Brussels, Belgium",50.8242941,4.5129806,Greek,"https://www.google.com/maps/search/Gyroland+Brussels,+Belgium",,,
0,Mykonos,"Brussels, Belgium",50.8472201,4.4497392,Greek,"https://www.google.com/maps/search/Mykonos+Brussels,+Belgium",,,
0,Na'Fura,"Brussels, Belgium",50.8249783,4.5120113,Lebanese,"https://www.google.com/maps/search/Na'Fura+Brussels,+Belgium",,,
0,La Med,"Brussels, Belgium",50.7875482,4.3762319,Lebanese,"https://www.google.com/maps/search/La+Med+Brussels,+Belgium",,,
0,Wine not?,"Brussels, Belgium",50.8443704,4.3831975,Greek,"https://www.google.com/maps/search/Wine+not?+Brussels,+Belgium",,,
0,HAU,"Brussels, Belgium",50.8312099,4.4547428,Vietnamese,"https://www.google.com/maps/search/HAU+Brussels,+Belgium",,,
0,Nem Saigon,"Brussels, Belgium",50.8437492,4.4125821,Vietnamese,"https://www.google.com/maps/search/Nem+Saigon+Brussels,+Belgium",,,
1,L'Ascoli,"Hector Henneaulaan 136, 1930, Zaventem",50.8801916,4.4689012,Italian,"https://www.google.com/maps/search/L'Ascoli+Hector+Henneaulaan+136,+1930,+Zaventem",,,
1,Station 3,"Brussels, Belgium",50.8664184,4.4527514,Chinese,"https://www.google.com/maps/search/Station+3+Brussels,+Belgium",,,
1,Domino's,"Grote Daalstraat 2, 1930, Zaventem",50.8789262,4.4727578,Italian,"https://www.google.com/maps/search/Domino's+Grote+Daalstraat+2,+1930,+Zaventem",,,
1,La Perla,"Leuvensesteenweg 496, 1930",50.8717468,4.4763063,Italian,"https://www.google.com/maps/search/La+Perla+Leuvensesteenweg+496,+1930",,,
1,Quick Zaventem Arrivals,1930,50.8976502,4.4838489,American,https://www.google.com/maps/search/Quick+Zaventem+Arrivals+1930,,,
1,Neuf Neuf Dragon,"Brussels, Belgium",50.8358731,4.3875467,Chinese,"https://www.google.com/maps/search/Neuf+Neuf+Dragon+Brussels,+Belgium",,,
1,'t Frietamientje,"Brussels, Belgium",50.9185118,4.5030419,Regional,"https://www.google.com/maps/search/'t+Frietamientje+Brussels,+Belgium",,,
1,Seven Wonders,"Brussels, Belgium",50.8633861,4.5160875,Brasserie,"https://www.google.com/maps/search/Seven+Wonders+Brussels,+Belgium",,,
1,Al Pronto,"Brussels, Belgium",50.8397469,4.4688001,Italian,"https://www.google.com/maps/search/Al+Pronto+Brussels,+Belgium",,,
1,MiTo,"Brussels, Belgium",50.8314039,4.4517421,Italian,"https://www.google.com/maps/search/MiTo+Brussels,+Belgium",,,
1,Pizzeria Da Toni,"Brussels, Belgium",50.8460048,4.4670511,Italian,"https://www.google.com/maps/search/Pizzeria+Da+Toni+Brussels,+Belgium",,,
1,De Spotter,"Luitenant Philippartstraat 49, 1820, Melsbroek",50.9092019,4.472722,Regional,"https://www.google.com/maps/search/De+Spotter+Luitenant+Philippartstraat+49,+1820,+Melsbroek",,,
1,Brasserie Streekebeek,"Brussels, Belgium",50.8633249,4.5154382,Regional,"https://www.google.com/maps/search/Brasserie+Streekebeek+Brussels,+Belgium",,,
1,San Tucci,"Prinses Josephine-Charlotteplein 8, 1950, Kraainem",50.8577544,4.4680154,Italian,"https://www.google.com/maps/search/San+Tucci+Prinses+Josephine-Charlotteplein+8,+1950,+Kraainem",,,
1,Hector Chicken,"Brussels, Belgium",50.8307399,4.3444688,Chicken,"https://www.google.com/maps/search/Hector+Chicken+Brussels,+Belgium",,,
1,'t hof van Hamme,"Hector Henneaulaan 64, 1930, Zaventem",50.8806709,4.4751452,Regional,"https://www.google.com/maps/search/'t+hof+van+Hamme+Hector+Henneaulaan+64,+1930,+Zaventem",,,
1,Ristorante la Renna,"Brussels, Belgium",50.870472,4.3951427,Italian,"https://www.google.com/maps/search/Ristorante+la+Renna+Brussels,+Belgium",,,
1,Yagura,"Brussels, Belgium",50.8082506,4.3706525,Japanese,"https://www.google.com/maps/search/Yagura+Brussels,+Belgium",,,
1,Lung Seng,"Brussels, Belgium",50.889457,4.4706097,Chinese,"https://www.google.com/maps/search/Lung+Seng+Brussels,+Belgium",,,
1,Pizza Hut,"Brussels, Belgium",50.844224,4.2695492,Italian,"https://www.google.com/maps/search/Pizza+Hut+Brussels,+Belgium",,,
1,Pizza Hut,"Brussels, Belgium",50.8136369,4.3385398,Italian,"https://www.google.com/maps/search/Pizza+Hut+Brussels,+Belgium",,,
1,Cinnamon Curry,"Brussels, Belgium",50.83697,4.3869688,Indian,"https://www.google.com/maps/search/Cinnamon+Curry+Brussels,+Belgium",,,
1,Miyako,"Brussels, Belgium",50.8376219,4.3866253,Japanese,"https://www.google.com/maps/search/Miyako+Brussels,+Belgium",,,
1,Kyoto food,"Brussels, Belgium",50.837656,4.3963788,Japanese,"https://www.google.com/maps/search/Kyoto+food+Brussels,+Belgium",,,
1,Knees to chin,"Brussels, Belgium",50.8387106,4.3978948,Asian,"https://www.google.com/maps/search/Knees+to+chin+Brussels,+Belgium",,,
1,Pizza Hut,"Brussels, Belgium",50.8799315,4.4729738,Italian,"https://www.google.com/maps/search/Pizza+Hut+Brussels,+Belgium",,,
1,'t Cuyperke,"Stationsstraat 19, 1930, Zaventem",50.8796052,4.472646,Belgian,"https://www.google.com/maps/search/'t+Cuyperke+Stationsstraat+19,+1930,+Zaventem",,,
1,La Frattoria,"Brussels, Belgium",50.8381348,4.3820268,Italian,"https://www.google.com/maps/search/La+Frattoria+Brussels,+Belgium",,,
1,Yuan Chinese Traiteur,"Brussels, Belgium",50.7838669,4.2925526,Chinese,"https://www.google.com/maps/search/Yuan+Chinese+Traiteur+Brussels,+Belgium",,,
1,Pizzeria Santa Maria,Fabriekstraat 138,50.7839729,4.2923552,Italian,https://www.google.com/maps/search/Pizzeria+Santa+Maria+Fabriekstraat+138,,,
1,La Buca di Bacco,"Brussels, Belgium",50.8634325,4.3766752,Italian,"https://www.google.com/maps/search/La+Buca+di+Bacco+Brussels,+Belgium",,,
1,ag park,"Brussels, Belgium",50.8540141,4.3532683,American,"https://www.google.com/maps/search/ag+park+Brussels,+Belgium",,,
1,La Table Saint-Pierre,"Brussels, Belgium",50.8371319,4.4180123,French,"https://www.google.com/maps/search/La+Table+Saint-Pierre+Brussels,+Belgium",,,
1,Il Carrettino,"Peperstraat 2, 3080, Tervuren",50.8228791,4.513138,Italian_Pizza,"https://www.google.com/maps/search/Il+Carrettino+Peperstraat+2,+3080,+Tervuren",,,
1,Krob Kun,"Brussels, Belgium",50.8717133,4.3256707,Thai,"https://www.google.com/maps/search/Krob+Kun+Brussels,+Belgium",,,
1,La Penisola,"Brussels, Belgium",50.8740097,4.3232077,Italian,"https://www.google.com/maps/search/La+Penisola+Brussels,+Belgium",,,
1,Osaka,"Brussels, Belgium",50.8776847,4.505837,Japanese,"https://www.google.com/maps/search/Osaka+Brussels,+Belgium",,,
1,Deliwok,"Brussels, Belgium",50.9175914,4.5039799,Chinese,"https://www.google.com/maps/search/Deliwok+Brussels,+Belgium",,,
1,Le Lotus Bleu,"Brussels, Belgium",50.8997597,4.3273097,Japanese,"https://www.google.com/maps/search/Le+Lotus+Bleu+Brussels,+Belgium",,,
1,Pizza Hut,"Brussels, Belgium",50.7860982,4.5005683,Italian,"https://www.google.com/maps/search/Pizza+Hut+Brussels,+Belgium",,,
1,Namaste,"Brussels, Belgium",50.8633033,4.5168413,Indian,"https://www.google.com/maps/search/Namaste+Brussels,+Belgium",,,
1,Pizza Hut,Weiveldlaan 10B,50.8699058,4.4910115,Italian,https://www.google.com/maps/search/Pizza+Hut+Weiveldlaan+10B,,,
1,Benvenutto,"Brussels, Belgium",50.875071,4.3404797,Italian,"https://www.google.com/maps/search/Benvenutto+Brussels,+Belgium",,,
1,Jade Village,"Brussels, Belgium",50.8978054,4.3226332,Chinese,"https://www.google.com/maps/search/Jade+Village+Brussels,+Belgium",,,
1,Pizzeria Villa Borghese,"Hoogstraat 1, 1650",50.7665566,4.3089591,Italian,"https://www.google.com/maps/search/Pizzeria+Villa+Borghese+Hoogstraat+1,+1650",,,
1,Ciao Ciao,"Brussels, Belgium",50.8731624,4.3770781,Italian,"https://www.google.com/maps/search/Ciao+Ciao+Brussels,+Belgium",,,
1,Forelvijver St-Martin,"Blekerijstraat 17, 1700",50.8470639,4.2273795,French,"https://www.google.com/maps/search/Forelvijver+St-Martin+Blekerijstraat+17,+1700",,,
1,Giorgio's Pitta - Pizza,"Brussels, Belgium",50.8996128,4.2232311,Italian,"https://www.google.com/maps/search/Giorgio's+Pitta+-+Pizza+Brussels,+Belgium",,,
1,Roquette,"Brussels, Belgium",50.8676117,4.3410749,Waffle,"https://www.google.com/maps/search/Roquette+Brussels,+Belgium",,,
1,Pizza Hut Takeaway,"Brussels, Belgium",50.8410022,4.4948592,Italian,"https://www.google.com/maps/search/Pizza+Hut+Takeaway+Brussels,+Belgium",,,
1,Les Fondus de la Raclette,"Brussels, Belgium",50.8413504,4.4950173,Fondue,"https://www.google.com/maps/search/Les+Fondus+de+la+Raclette+Brussels,+Belgium",,,
1,My-Tai,"Brussels, Belgium",50.8402025,4.4944862,Thai,"https://www.google.com/maps/search/My-Tai+Brussels,+Belgium",,,
1,IKEA Restaurant,"Brussels, Belgium",50.8718198,4.4920625,Swedish,"https://www.google.com/maps/search/IKEA+Restaurant+Brussels,+Belgium",,,
1,Fritzak Anita & Nico,"Brussels, Belgium",50.9090435,4.5134708,Regional,"https://www.google.com/maps/search/Fritzak+Anita+&+Nico+Brussels,+Belgium",,,
1,De Pizzabakker,"Fuérisonplaats 8, 1820, Steenokkerzeel",50.9099136,4.5128936,Italian,"https://www.google.com/maps/search/De+Pizzabakker+Fuérisonplaats+8,+1820,+Steenokkerzeel",,,
1,Angelo,"Brussels, Belgium",50.8897248,4.4627727,Italian,"https://www.google.com/maps/search/Angelo+Brussels,+Belgium",,,
1,Amore & Fantasia,"Brussels, Belgium",50.8154109,4.4170635,Italian,"https://www.google.com/maps/search/Amore+&+Fantasia+Brussels,+Belgium",,,
1,Lunchbook TepsiBorek,"Brussels, Belgium",50.8673899,4.4480194,Snack,"https://www.google.com/maps/search/Lunchbook+TepsiBorek+Brussels,+Belgium",,,
1,Kaaimook,Mechelsesteenweg 243,50.8629374,4.5159809,Thai,https://www.google.com/maps/search/Kaaimook+Mechelsesteenweg+243,,,
1,Formosa,Sint-Amandsplein 17,50.9102544,4.3552844,Asian,https://www.google.com/maps/search/Formosa+Sint-Amandsplein+17,,,
1,'T Bergsken Fiet,"Brussels, Belgium",50.8052025,4.283676,Regional,"https://www.google.com/maps/search/'T+Bergsken+Fiet+Brussels,+Belgium",,,
1,Enoteca da Valentino,"Brussels, Belgium",50.8386114,4.3646222,Italian,"https://www.google.com/maps/search/Enoteca+da+Valentino+Brussels,+Belgium",,,
1,Pizza Dino 21,"Brussels, Belgium",50.824688,4.5132691,Italian,"https://www.google.com/maps/search/Pizza+Dino+21+Brussels,+Belgium",,,
1,Gurman,Mechelsesteenweg 260,50.8636823,4.516127,Serbian,https://www.google.com/maps/search/Gurman+Mechelsesteenweg+260,,,
1,Pizzeria Picco Bello,"Brussels, Belgium",50.8078316,4.2325234,Italian,"https://www.google.com/maps/search/Pizzeria+Picco+Bello+Brussels,+Belgium",,,
1,Grote Muur,Brusselsesteenweg 60,50.8243036,4.5086964,Chinese,https://www.google.com/maps/search/Grote+Muur+Brusselsesteenweg+60,,,
1,Lotus Garden,"Brussels, Belgium",50.82307,4.5040651,Chinese,"https://www.google.com/maps/search/Lotus+Garden+Brussels,+Belgium",,,
1,Pizzeria Pinocchio,"Brussels, Belgium",50.8843918,4.4732062,Italian,"https://www.google.com/maps/search/Pizzeria+Pinocchio+Brussels,+Belgium",,,
1,Happy Valley,"Brussels, Belgium",50.8401302,4.4922465,Asian,"https://www.google.com/maps/search/Happy+Valley+Brussels,+Belgium",,,
1,China Express,"Brussels, Belgium",50.8220328,4.4044442,Chinese,"https://www.google.com/maps/search/China+Express+Brussels,+Belgium",,,
1,Pizza Fresca,"Brussels, Belgium",50.8314793,4.451531,Italian,"https://www.google.com/maps/search/Pizza+Fresca+Brussels,+Belgium",,,
1,La Barchetta,"Brussels, Belgium",50.8407679,4.4636076,Italian,"https://www.google.com/maps/search/La+Barchetta+Brussels,+Belgium",,,
1,De molen,"Melkstraat 100, 1830",50.9053757,4.4360752,Regional,"https://www.google.com/maps/search/De+molen+Melkstraat+100,+1830",,,
1,Adria Grill,"Brussels, Belgium",50.8884539,4.4706682,Grill,"https://www.google.com/maps/search/Adria+Grill+Brussels,+Belgium",,,
1,L'Auberg'In,"Brussels, Belgium",50.8331168,4.4481142,French,"https://www.google.com/maps/search/L'Auberg'In+Brussels,+Belgium",,,
1,Da Lino,"Brussels, Belgium",50.8864779,4.4706531,Italian,"https://www.google.com/maps/search/Da+Lino+Brussels,+Belgium",,,
1,Pizza Hut,"Brussels, Belgium",50.8142946,4.4267987,Italian,"https://www.google.com/maps/search/Pizza+Hut+Brussels,+Belgium",,,
1,Vinograd,"Kerkplein 30, 1930, Zaventem",50.8813682,4.4729627,Croatian,"https://www.google.com/maps/search/Vinograd+Kerkplein+30,+1930,+Zaventem",,,
1,Quick,"Brussels, Belgium",50.7795623,4.2997772,American,"https://www.google.com/maps/search/Quick+Brussels,+Belgium",,,
1,Ninja Restaurant,"Brussels, Belgium",50.8769681,4.3266331,Japanese,"https://www.google.com/maps/search/Ninja+Restaurant+Brussels,+Belgium",,,
1,Poppins,"Brussels, Belgium",50.8512228,4.397058,Italian,"https://www.google.com/maps/search/Poppins+Brussels,+Belgium",,,
1,La Ruota,"Brussels, Belgium",50.8521887,4.3865062,Italian,"https://www.google.com/maps/search/La+Ruota+Brussels,+Belgium",,,
1,Ying -Yang,"Brussels, Belgium",50.8290528,4.3906086,Chinese,"https://www.google.com/maps/search/Ying+-Yang+Brussels,+Belgium",,,
1,Pizza Merveillosa,"Brussels, Belgium",50.8530043,4.3878908,Italian,"https://www.google.com/maps/search/Pizza+Merveillosa+Brussels,+Belgium",,,
1,Pizzeria Al Doppio A,"Brussels, Belgium",50.8638613,4.3775011,Italian,"https://www.google.com/maps/search/Pizzeria+Al+Doppio+A+Brussels,+Belgium",,,
1,3 Fonteinen,"Herman Teirlinckplein 3, 1650, Beersel",50.7665744,4.3078789,Regional,"https://www.google.com/maps/search/3+Fonteinen+Herman+Teirlinckplein+3,+1650,+Beersel",,,
1,Little Italy,"Brussels, Belgium",50.8502187,4.4509829,Italian,"https://www.google.com/maps/search/Little+Italy+Brussels,+Belgium",,,
1,Snack du Noyer,"Brussels, Belgium",50.8492762,4.3892639,Fries,"https://www.google.com/maps/search/Snack+du+Noyer+Brussels,+Belgium",,,
1,TopoGigio,"Brussels, Belgium",50.8492301,4.389329,Italian,"https://www.google.com/maps/search/TopoGigio+Brussels,+Belgium",,,
1,Indian Royal Spicy,"Brussels, Belgium",50.8396427,4.3836187,Indian,"https://www.google.com/maps/search/Indian+Royal+Spicy+Brussels,+Belgium",,,
1,Pizzeria Di Fiore,Brusselsesteenweg 67,50.8245399,4.5087202,Italian,https://www.google.com/maps/search/Pizzeria+Di+Fiore+Brusselsesteenweg+67,,,
1,Il buongustaio,"Brussels, Belgium",50.8435928,4.3746855,Italian,"https://www.google.com/maps/search/Il+buongustaio+Brussels,+Belgium",,,
1,Hope House,"Brussels, Belgium",50.8364514,4.3653857,African,"https://www.google.com/maps/search/Hope+House+Brussels,+Belgium",,,
1,De Mayeur,"Brussels, Belgium",50.7783463,4.2851423,French,"https://www.google.com/maps/search/De+Mayeur+Brussels,+Belgium",,,
1,Thaimo,"Brussels, Belgium",50.8535925,4.3547176,Thai,"https://www.google.com/maps/search/Thaimo+Brussels,+Belgium",,,
1,Les Trétaux,"Brussels, Belgium",50.8361197,4.3056199,Regional,"https://www.google.com/maps/search/Les+Trétaux+Brussels,+Belgium",,,
1,Pasta Factory,"Brussels, Belgium",50.8592106,4.35494,Italian,"https://www.google.com/maps/search/Pasta+Factory+Brussels,+Belgium",,,
1,Be Bo Bun,"Brussels, Belgium",50.8400229,4.3680788,Asian,"https://www.google.com/maps/search/Be+Bo+Bun+Brussels,+Belgium",,,
1,Trattoria al dente,"Brussels, Belgium",50.839368,4.3672461,Italian,"https://www.google.com/maps/search/Trattoria+al+dente+Brussels,+Belgium",,,
1,Khun May,"Brussels, Belgium",50.8420705,4.3686351,Thai,"https://www.google.com/maps/search/Khun+May+Brussels,+Belgium",,,
1,Nanaban by Takumi,"Brussels, Belgium",50.8849194,4.4705501,Ramen,"https://www.google.com/maps/search/Nanaban+by+Takumi+Brussels,+Belgium",,,
1,Indian Mixed Grill,"Brussels, Belgium",50.8693525,4.3084166,Indian,"https://www.google.com/maps/search/Indian+Mixed+Grill+Brussels,+Belgium",,,
1,Wok House,"Brussels, Belgium",50.8672797,4.4465684,Asian,"https://www.google.com/maps/search/Wok+House+Brussels,+Belgium",,,
1,Maison d'Istrie,"Brussels, Belgium",50.8245392,4.3661905,Mediterranean,"https://www.google.com/maps/search/Maison+d'Istrie+Brussels,+Belgium",,,
1,Le Palais du Bengale,"Brussels, Belgium",50.8326316,4.3892542,Indian,"https://www.google.com/maps/search/Le+Palais+du+Bengale+Brussels,+Belgium",,,
1,Tom Yam,"Brussels, Belgium",50.8186309,4.3838984,Thai,"https://www.google.com/maps/search/Tom+Yam+Brussels,+Belgium",,,
1,Romeo e Giulietta,"Brussels, Belgium",50.8410083,4.4622533,Italian,"https://www.google.com/maps/search/Romeo+e+Giulietta+Brussels,+Belgium",,,
1,L'Harmony,"Brussels, Belgium",50.8408562,4.4633328,Regional,"https://www.google.com/maps/search/L'Harmony+Brussels,+Belgium",,,
1,Thai by Tom,Koningin Astridlaan - Avenue Reine Astrid,50.8456803,4.4670926,Thai,https://www.google.com/maps/search/Thai+by+Tom+Koningin+Astridlaan+-+Avenue+Reine+Astrid,,,
1,Thai Café,"Brussels, Belgium",50.8387823,4.4643012,Thai,"https://www.google.com/maps/search/Thai+Café+Brussels,+Belgium",,,
1,Sushi shop,"Brussels, Belgium",50.8394167,4.4642784,Japanese,"https://www.google.com/maps/search/Sushi+shop+Brussels,+Belgium",,,
1,Tenshi,"Brussels, Belgium",50.8391814,4.4646457,Japanese,"https://www.google.com/maps/search/Tenshi+Brussels,+Belgium",,,
1,La Belvédère,"Brussels, Belgium",50.8306647,4.4530926,Regional,"https://www.google.com/maps/search/La+Belvédère+Brussels,+Belgium",,,
1,De Foyer,"Brussels, Belgium",50.8619639,4.4639022,Regional,"https://www.google.com/maps/search/De+Foyer+Brussels,+Belgium",,,
1,La Bottega Dell Artigiano,"Brussels, Belgium",50.8619909,4.464213,Italian,"https://www.google.com/maps/search/La+Bottega+Dell+Artigiano+Brussels,+Belgium",,,
1,San Giacomo,"Brussels, Belgium",50.8368918,4.3653746,Italian,"https://www.google.com/maps/search/San+Giacomo+Brussels,+Belgium",,,
1,Costa d'Amalfi,"Brussels, Belgium",50.8440386,4.3850059,Italian,"https://www.google.com/maps/search/Costa+d'Amalfi+Brussels,+Belgium",,,
1,Beroea,"Brussels, Belgium",50.8537057,4.316601,Regional,"https://www.google.com/maps/search/Beroea+Brussels,+Belgium",,,
1,Fuji House,"Brussels, Belgium",50.8479005,4.4575432,Japanese,"https://www.google.com/maps/search/Fuji+House+Brussels,+Belgium",,,
1,De Foyer,3080,50.8248044,4.5154757,American,https://www.google.com/maps/search/De+Foyer+3080,,,
1,Thai Café,"Brussels, Belgium",50.8393345,4.3713588,Thai,"https://www.google.com/maps/search/Thai+Café+Brussels,+Belgium",,,
1,Exki,"Brussels, Belgium",50.8394657,4.3732671,Healthy,"https://www.google.com/maps/search/Exki+Brussels,+Belgium",,,
1,Poké House,"Brussels, Belgium",50.8394933,4.3717484,Hawaiian,"https://www.google.com/maps/search/Poké+House+Brussels,+Belgium",,,
1,Tourane,"Brussels, Belgium",50.8394642,4.3718878,Mediterranean,"https://www.google.com/maps/search/Tourane+Brussels,+Belgium",,,
1,Porto Fino,"Brussels, Belgium",50.8394781,4.3718212,Italian,"https://www.google.com/maps/search/Porto+Fino+Brussels,+Belgium",,,
1,Quartier Leopold,"Brussels, Belgium",50.839542,4.3730286,Brasserie,"https://www.google.com/maps/search/Quartier+Leopold+Brussels,+Belgium",,,
1,Maison du Luxembourg,"Brussels, Belgium",50.8393959,4.3710728,French,"https://www.google.com/maps/search/Maison+du+Luxembourg+Brussels,+Belgium",,,
1,Mediterraneo,"Brussels, Belgium",50.8398539,4.3735033,Italian,"https://www.google.com/maps/search/Mediterraneo+Brussels,+Belgium",,,
1,Piada Bar,"Brussels, Belgium",50.839973,4.3735585,Italian,"https://www.google.com/maps/search/Piada+Bar+Brussels,+Belgium",,,
1,Sushi Box,"Brussels, Belgium",50.8395254,4.3733347,Japanese,"https://www.google.com/maps/search/Sushi+Box+Brussels,+Belgium",,,
1,Paninoteca Tavola Calda Carina,"Brussels, Belgium",50.8415868,4.3707648,Italian,"https://www.google.com/maps/search/Paninoteca+Tavola+Calda+Carina+Brussels,+Belgium",,,
1,Maxime Colin,Pastoorkesweg 1,50.8625623,4.4687043,French,https://www.google.com/maps/search/Maxime+Colin+Pastoorkesweg+1,,,
1,La Motta,"Brussels, Belgium",50.8427343,4.400758,Italian,"https://www.google.com/maps/search/La+Motta+Brussels,+Belgium",,,
1,Pizza Hut Delivery,"Brussels, Belgium",50.8203651,4.3850711,Italian,"https://www.google.com/maps/search/Pizza+Hut+Delivery+Brussels,+Belgium",,,
1,O'Tacos,"Brussels, Belgium",50.8447032,4.3560258,French_Tacos,"https://www.google.com/maps/search/O'Tacos+Brussels,+Belgium",,,
1,Candylicious,"Brussels, Belgium",50.8517055,4.354487,Crepe,"https://www.google.com/maps/search/Candylicious+Brussels,+Belgium",,,
1,Yumizuki,"Brussels, Belgium",50.8394653,4.4007937,Japanese,"https://www.google.com/maps/search/Yumizuki+Brussels,+Belgium",,,
1,Beeef,"Brussels, Belgium",50.844726,4.3849715,American,"https://www.google.com/maps/search/Beeef+Brussels,+Belgium",,,
1,Pure Veg India,"Brussels, Belgium",50.8444586,4.3848628,Indian,"https://www.google.com/maps/search/Pure+Veg+India+Brussels,+Belgium",,,
1,Sushi Tokyo,"Brussels, Belgium",50.8738363,4.3260204,Japanese,"https://www.google.com/maps/search/Sushi+Tokyo+Brussels,+Belgium",,,
1,Drogheria Morelli,"Brussels, Belgium",50.8433288,4.3957873,Italian,"https://www.google.com/maps/search/Drogheria+Morelli+Brussels,+Belgium",,,
1,I Panciuti,"Brussels, Belgium",50.8328937,4.3296027,Italian,"https://www.google.com/maps/search/I+Panciuti+Brussels,+Belgium",,,
1,Sushiria,"Brussels, Belgium",50.8729542,4.3262548,Japanese,"https://www.google.com/maps/search/Sushiria+Brussels,+Belgium",,,
1,Soleil d'Afrique,"Brussels, Belgium",50.8365614,4.3655008,African,"https://www.google.com/maps/search/Soleil+d'Afrique+Brussels,+Belgium",,,
1,Mercato,"Stationsstraat 35, 1930, Zaventem",50.8805037,4.4721265,Italian,"https://www.google.com/maps/search/Mercato+Stationsstraat+35,+1930,+Zaventem",,,
1,Il Colosseo,"Brussels, Belgium",50.8539266,4.3538751,Italian,"https://www.google.com/maps/search/Il+Colosseo+Brussels,+Belgium",,,
1,Le Jardin de Pékin,"Brussels, Belgium",50.8282814,4.4618051,Chinese,"https://www.google.com/maps/search/Le+Jardin+de+Pékin+Brussels,+Belgium",,,
1,Maison du Dragon,"Brussels, Belgium",50.8551243,4.3571905,Chinese,"https://www.google.com/maps/search/Maison+du+Dragon+Brussels,+Belgium",,,
1,Star of Asia,"Brussels, Belgium",50.8380346,4.3725479,Indian,"https://www.google.com/maps/search/Star+of+Asia+Brussels,+Belgium",,,
1,Dai Sardi Ristorante Caralis,"Brussels, Belgium",50.8397125,4.3828519,Italian,"https://www.google.com/maps/search/Dai+Sardi+Ristorante+Caralis+Brussels,+Belgium",,,
1,De Linde,"Brussels, Belgium",50.8250125,4.5131949,French,"https://www.google.com/maps/search/De+Linde+Brussels,+Belgium",,,
1,Sip & Slurp,"Brussels, Belgium",50.8541703,4.3540176,Noodle,"https://www.google.com/maps/search/Sip+&+Slurp+Brussels,+Belgium",,,
1,Pollino,"Brussels, Belgium",50.8455748,4.2852436,Italian,"https://www.google.com/maps/search/Pollino+Brussels,+Belgium",,,
1,Mumtaz,"Brussels, Belgium",50.8369471,4.3650431,Indian,"https://www.google.com/maps/search/Mumtaz+Brussels,+Belgium",,,
1,Pepete & Ronron,"Brussels, Belgium",50.8377169,4.3818835,Tapas,"https://www.google.com/maps/search/Pepete+&+Ronron+Brussels,+Belgium",,,
1,Saporito,"Brussels, Belgium",50.8406857,4.4669452,Italian,"https://www.google.com/maps/search/Saporito+Brussels,+Belgium",,,
1,Taverne Toots,"Brussels, Belgium",50.8765681,4.3988827,French,"https://www.google.com/maps/search/Taverne+Toots+Brussels,+Belgium",,,
1,Noi,"Brussels, Belgium",50.773061,4.3367256,Thai,"https://www.google.com/maps/search/Noi+Brussels,+Belgium",,,
1,Art's & Bagels,"Brussels, Belgium",50.8437317,4.3754865,Bagel,"https://www.google.com/maps/search/Art's+&+Bagels+Brussels,+Belgium",,,
1,Parma in Tavola,"Brussels, Belgium",50.8170274,4.3921686,Italian,"https://www.google.com/maps/search/Parma+in+Tavola+Brussels,+Belgium",,,
1,Maki Maki,"Stationsstraat 1, 1930, Zaventem",50.8790897,4.4727473,Japanese,"https://www.google.com/maps/search/Maki+Maki+Stationsstraat+1,+1930,+Zaventem",,,
1,Le Peyrac,"Brussels, Belgium",50.8603052,4.3680656,Italian,"https://www.google.com/maps/search/Le+Peyrac+Brussels,+Belgium",,,
1,Rococò Gelateria,Tramlaan 5,50.8633205,4.5157606,Ice_Cream,https://www.google.com/maps/search/Rococò+Gelateria+Tramlaan+5,,,
1,Nina,"Brussels, Belgium",50.8183114,4.3848053,Italian,"https://www.google.com/maps/search/Nina+Brussels,+Belgium",,,
1,Pizzeria Bella,"Brussels, Belgium",50.8725557,4.3328404,Italian,"https://www.google.com/maps/search/Pizzeria+Bella+Brussels,+Belgium",,,
1,D'Asie Express,"Brussels, Belgium",50.8504277,4.4542815,Asian,"https://www.google.com/maps/search/D'Asie+Express+Brussels,+Belgium",,,
1,Cappello,"Brussels, Belgium",50.8143938,4.3632717,Italian,"https://www.google.com/maps/search/Cappello+Brussels,+Belgium",,,
1,Luca,"Brussels, Belgium",50.8138451,4.3542645,Italian,"https://www.google.com/maps/search/Luca+Brussels,+Belgium",,,
1,Bouchéry,"Brussels, Belgium",50.7974436,4.3362281,French,"https://www.google.com/maps/search/Bouchéry+Brussels,+Belgium",,,
1,Al Posto Giusto,"Brussels, Belgium",50.8595736,4.3547685,Italian,"https://www.google.com/maps/search/Al+Posto+Giusto+Brussels,+Belgium",,,
1,Khaimook,"Brussels, Belgium",50.8594163,4.3546658,Thai,"https://www.google.com/maps/search/Khaimook+Brussels,+Belgium",,,
1,Sawadee,"Brussels, Belgium",50.886843,4.4706404,Thai,"https://www.google.com/maps/search/Sawadee+Brussels,+Belgium",,,
1,Ciaooo Pizzeria,"Brussels, Belgium",50.8490926,4.4013893,Italian,"https://www.google.com/maps/search/Ciaooo+Pizzeria+Brussels,+Belgium",,,
1,China Express 2,"Brussels, Belgium",50.8487594,4.3937097,Chinese,"https://www.google.com/maps/search/China+Express+2+Brussels,+Belgium",,,
1,Solbosch,"Brussels, Belgium",50.8102958,4.3861795,French,"https://www.google.com/maps/search/Solbosch+Brussels,+Belgium",,,
1,Pizza D’Italia,"Brussels, Belgium",50.8125618,4.3891501,Italian,"https://www.google.com/maps/search/Pizza+D’Italia+Brussels,+Belgium",,,
1,Taormina,"Brussels, Belgium",50.877499,4.5048143,Italian,"https://www.google.com/maps/search/Taormina+Brussels,+Belgium",,,
1,Domenica Pastificio & Tavola,"Brussels, Belgium",50.8403819,4.4016599,Pasta,"https://www.google.com/maps/search/Domenica+Pastificio+&+Tavola+Brussels,+Belgium",,,
1,Bistro Tembo,"Brussels, Belgium",50.8299844,4.5165683,French,"https://www.google.com/maps/search/Bistro+Tembo+Brussels,+Belgium",,,
1,Soho,"Brussels, Belgium",50.83636,4.3655378,African,"https://www.google.com/maps/search/Soho+Brussels,+Belgium",,,
1,Patate,"Brussels, Belgium",50.8255528,4.3553532,Belgian,"https://www.google.com/maps/search/Patate+Brussels,+Belgium",,,
1,Braceria 1090,"Brussels, Belgium",50.8741092,4.323016,Steak_House,"https://www.google.com/maps/search/Braceria+1090+Brussels,+Belgium",,,
1,Pizza Hut,"Brussels, Belgium",50.8732167,4.3288273,Italian,"https://www.google.com/maps/search/Pizza+Hut+Brussels,+Belgium",,,
1,Stella d'Italia,"Brussels, Belgium",50.8529151,4.386851,Italian,"https://www.google.com/maps/search/Stella+d'Italia+Brussels,+Belgium",,,
1,Pizzamore,"Brussels, Belgium",50.8423141,4.3290812,Italian,"https://www.google.com/maps/search/Pizzamore+Brussels,+Belgium",,,
1,Captain John,"Brussels, Belgium",50.8422665,4.3291692,Fish_And_Chips,"https://www.google.com/maps/search/Captain+John+Brussels,+Belgium",,,
1,King Hwa,"Brussels, Belgium",50.844651,4.3839882,Chinese,"https://www.google.com/maps/search/King+Hwa+Brussels,+Belgium",,,
1,Au Feu du Plaisir,"Brussels, Belgium",50.8898785,4.3374958,African,"https://www.google.com/maps/search/Au+Feu+du+Plaisir+Brussels,+Belgium",,,
1,Opinio broodjes,"Brussels, Belgium",50.8214269,4.3950863,Bread,"https://www.google.com/maps/search/Opinio+broodjes+Brussels,+Belgium",,,
1,Cous'cup,"Brussels, Belgium",50.8596427,4.3605991,Couscous,"https://www.google.com/maps/search/Cous'cup+Brussels,+Belgium",,,
1,Snooshi,"Brussels, Belgium",50.8990214,4.4833092,Japanese,"https://www.google.com/maps/search/Snooshi+Brussels,+Belgium",,,
1,Les crêpes d'Alex,"Brussels, Belgium",50.8070636,4.3338194,Crepe,"https://www.google.com/maps/search/Les+crêpes+d'Alex+Brussels,+Belgium",,,
1,Alfonsburger,"Parklaan 15, 1930, Zaventem",50.8813582,4.4746745,American,"https://www.google.com/maps/search/Alfonsburger+Parklaan+15,+1930,+Zaventem",,,
1,Issan,"Brussels, Belgium",50.8181555,4.3845396,Thai,"https://www.google.com/maps/search/Issan+Brussels,+Belgium",,,
1,Yakitori,"Brussels, Belgium",50.818291,4.3841745,Japanese,"https://www.google.com/maps/search/Yakitori+Brussels,+Belgium",,,
1,Ozawa,"Brussels, Belgium",50.862939,4.3538606,Japanese,"https://www.google.com/maps/search/Ozawa+Brussels,+Belgium",,,
1,Leo Taste of Italy,"Brussels, Belgium",50.8411048,4.4357004,Italian,"https://www.google.com/maps/search/Leo+Taste+of+Italy+Brussels,+Belgium",,,
1,Neo Gusto,"Brussels, Belgium",50.7684518,4.4727246,Italian,"https://www.google.com/maps/search/Neo+Gusto+Brussels,+Belgium",,,
1,Smith & Chips,"Brussels, Belgium",50.7685953,4.4720537,Fish_And_Chips,"https://www.google.com/maps/search/Smith+&+Chips+Brussels,+Belgium",,,
1,Victoria bij Chez Victorinne,"Brussels, Belgium",50.7684037,4.4706617,Regional,"https://www.google.com/maps/search/Victoria+bij+Chez+Victorinne+Brussels,+Belgium",,,
1,Musette,Brusselsesteenweg 143,50.7773301,4.4586801,Regional,https://www.google.com/maps/search/Musette+Brusselsesteenweg+143,,,
1,Barbizon by Enjoy,"Brussels, Belgium",50.7887334,4.466982,French,"https://www.google.com/maps/search/Barbizon+by+Enjoy+Brussels,+Belgium",,,
1,Wazawok,"Brussels, Belgium",50.820177,4.280529,Asian,"https://www.google.com/maps/search/Wazawok+Brussels,+Belgium",,,
1,Pizza Way,"Brussels, Belgium",50.8094355,4.3196863,Italian,"https://www.google.com/maps/search/Pizza+Way+Brussels,+Belgium",,,
1,Thai Wok Express,"Brussels, Belgium",50.8359096,4.3564663,Thai,"https://www.google.com/maps/search/Thai+Wok+Express+Brussels,+Belgium",,,
1,Long-Kee,"Brussels, Belgium",50.8327933,4.4485972,Chinese,"https://www.google.com/maps/search/Long-Kee+Brussels,+Belgium",,,
1,Pizzeria Del Parco,"Brussels, Belgium",50.8619712,4.3826113,Italian,"https://www.google.com/maps/search/Pizzeria+Del+Parco+Brussels,+Belgium",,,
1,Le Garçon de Toto,"Brussels, Belgium",50.84116,4.4357468,French,"https://www.google.com/maps/search/Le+Garçon+de+Toto+Brussels,+Belgium",,,
1,Shanghai,"Brussels, Belgium",50.8435258,4.4230495,Chinese,"https://www.google.com/maps/search/Shanghai+Brussels,+Belgium",,,
1,Fleurs de Menthe,"Brussels, Belgium",50.8445181,4.4369667,Thai,"https://www.google.com/maps/search/Fleurs+de+Menthe+Brussels,+Belgium",,,
1,Exki,"Brussels, Belgium",50.8448666,4.4369295,Healthy,"https://www.google.com/maps/search/Exki+Brussels,+Belgium",,,
1,Ohsho,"Brussels, Belgium",50.8447668,4.4374505,Japanese,"https://www.google.com/maps/search/Ohsho+Brussels,+Belgium",,,
1,Helixir,"Brussels, Belgium",50.8447979,4.4368845,Juice,"https://www.google.com/maps/search/Helixir+Brussels,+Belgium",,,
1,Vkous,"Brussels, Belgium",50.8388365,4.3675236,Hawaiian,"https://www.google.com/maps/search/Vkous+Brussels,+Belgium",,,
1,Thaï Saté,"Brussels, Belgium",50.8257512,4.3553454,Thai,"https://www.google.com/maps/search/Thaï+Saté+Brussels,+Belgium",,,
1,Le Chateau de Dracula,"Brussels, Belgium",50.8532727,4.3808262,Romanian,"https://www.google.com/maps/search/Le+Chateau+de+Dracula+Brussels,+Belgium",,,
1,Thai Chine,"Brussels, Belgium",50.782895,4.3199471,Thai,"https://www.google.com/maps/search/Thai+Chine+Brussels,+Belgium",,,
1,Nesta Restaurant,"Brussels, Belgium",50.7750138,4.2681038,Italian,"https://www.google.com/maps/search/Nesta+Restaurant+Brussels,+Belgium",,,
1,The Fifty One,"Brussels, Belgium",50.8346801,4.3638129,Mediterranean,"https://www.google.com/maps/search/The+Fifty+One+Brussels,+Belgium",,,
1,Il Salento,"Brussels, Belgium",50.9066423,4.3569518,Italian,"https://www.google.com/maps/search/Il+Salento+Brussels,+Belgium",,,
1,Impérial,"Brussels, Belgium",50.9015837,4.3605304,Chinese,"https://www.google.com/maps/search/Impérial+Brussels,+Belgium",,,
1,Pizza Hut Delivery,Sint-Annastraat 1,50.9024731,4.3613743,Italian,https://www.google.com/maps/search/Pizza+Hut+Delivery+Sint-Annastraat+1,,,
1,Qi Tian,Lakensestraat 53,50.9056708,4.3546324,Chinese,https://www.google.com/maps/search/Qi+Tian+Lakensestraat+53,,,
1,Saveurs Thaï,"Brussels, Belgium",50.8539602,4.3860861,Thai,"https://www.google.com/maps/search/Saveurs+Thaï+Brussels,+Belgium",,,
1,Krispy Donuts,"Brussels, Belgium",50.8525517,4.35356,Donut,"https://www.google.com/maps/search/Krispy+Donuts+Brussels,+Belgium",,,
1,Sushi Mart,"Brussels, Belgium",50.8448547,4.4372452,Japanese,"https://www.google.com/maps/search/Sushi+Mart+Brussels,+Belgium",,,
1,Sicilia Bella,"Brussels, Belgium",50.8507268,4.4514102,Italian,"https://www.google.com/maps/search/Sicilia+Bella+Brussels,+Belgium",,,
1,Pronto Pizza,"Brussels, Belgium",50.8876763,4.3396779,Italian,"https://www.google.com/maps/search/Pronto+Pizza+Brussels,+Belgium",,,
1,Scotty's NZ Pies – The Kiwi Traiteur,"Brussels, Belgium",50.8486117,4.4504745,New_Zealand,"https://www.google.com/maps/search/Scotty's+NZ+Pies+–+The+Kiwi+Traiteur+Brussels,+Belgium",,,
1,Taste of Curry,"Brussels, Belgium",50.8358113,4.4307154,Indian,"https://www.google.com/maps/search/Taste+of+Curry+Brussels,+Belgium",,,
1,Hayato,"Brussels, Belgium",50.8358076,4.4306928,Japanese,"https://www.google.com/maps/search/Hayato+Brussels,+Belgium",,,
1,Titanic,"Brussels, Belgium",50.8504041,4.4509486,Italian,"https://www.google.com/maps/search/Titanic+Brussels,+Belgium",,,
1,Coco Mango,"Brussels, Belgium",50.8898596,4.4705787,Thai,"https://www.google.com/maps/search/Coco+Mango+Brussels,+Belgium",,,
1,Indian-Rasoi,"Brussels, Belgium",50.8875089,4.4706334,Indian,"https://www.google.com/maps/search/Indian-Rasoi+Brussels,+Belgium",,,
1,Panda,Antoon Van Dijcklaan 72,50.888529,4.4734176,Chinese,https://www.google.com/maps/search/Panda+Antoon+Van+Dijcklaan+72,,,
1,La Ora,"Brussels, Belgium",50.8889141,4.4710622,Italian,"https://www.google.com/maps/search/La+Ora+Brussels,+Belgium",,,
1,Primo Spettacolo,"Brussels, Belgium",50.8138438,4.3449169,Italian,"https://www.google.com/maps/search/Primo+Spettacolo+Brussels,+Belgium",,,
1,Pastrami,"Brussels, Belgium",50.8747279,4.3776232,Italian,"https://www.google.com/maps/search/Pastrami+Brussels,+Belgium",,,
1,La Tribune,"Brussels, Belgium",50.8351338,4.3077904,French,"https://www.google.com/maps/search/La+Tribune+Brussels,+Belgium",,,
1,Buono Buono,"Brussels, Belgium",50.8463349,4.381861,Italian,"https://www.google.com/maps/search/Buono+Buono+Brussels,+Belgium",,,
1,Chez Diallo – Télé Jazz,"Brussels, Belgium",50.8601063,4.3550881,West_African,"https://www.google.com/maps/search/Chez+Diallo+–+Télé+Jazz+Brussels,+Belgium",,,
1,Orient Kitchen,"Brussels, Belgium",50.8679512,4.3752206,Chinese,"https://www.google.com/maps/search/Orient+Kitchen+Brussels,+Belgium",,,
1,Buurtrestaurant de quartier Cosmos,"Brussels, Belgium",50.8403275,4.3313324,International,"https://www.google.com/maps/search/Buurtrestaurant+de+quartier+Cosmos+Brussels,+Belgium",,,
1,Aux Flammes,"Brussels, Belgium",50.8590998,4.3527003,Belgian,"https://www.google.com/maps/search/Aux+Flammes+Brussels,+Belgium",,,
1,Cœur des îles,"Brussels, Belgium",50.8578239,4.3461435,Mauritian,"https://www.google.com/maps/search/Cœur+des+îles+Brussels,+Belgium",,,
1,Les Oiseaux en Carottes,"Brussels, Belgium",50.8539235,4.3883292,Chinese,"https://www.google.com/maps/search/Les+Oiseaux+en+Carottes+Brussels,+Belgium",,,
1,Plazza Miroir,"Brussels, Belgium",50.8731176,4.3246498,Italian,"https://www.google.com/maps/search/Plazza+Miroir+Brussels,+Belgium",,,
1,Castello,"Brussels, Belgium",50.8736416,4.3253478,Italian,"https://www.google.com/maps/search/Castello+Brussels,+Belgium",,,
1,La Laiterie,"Brussels, Belgium",50.7789661,4.3256202,French,"https://www.google.com/maps/search/La+Laiterie+Brussels,+Belgium",,,
1,Salon du Thé Manal,"Brussels, Belgium",50.8489453,4.3198197,Arab,"https://www.google.com/maps/search/Salon+du+Thé+Manal+Brussels,+Belgium",,,
1,Shuka,"Brussels, Belgium",50.8363699,4.3605252,Persian,"https://www.google.com/maps/search/Shuka+Brussels,+Belgium",,,
1,Pizza Express,"Brussels, Belgium",50.8709419,4.3751522,Italian,"https://www.google.com/maps/search/Pizza+Express+Brussels,+Belgium",,,
1,Casa Grande,"Brussels, Belgium",50.88352,4.3367283,Italian,"https://www.google.com/maps/search/Casa+Grande+Brussels,+Belgium",,,
1,Bowls.be,"Brussels, Belgium",50.8601873,4.3551299,Poke,"https://www.google.com/maps/search/Bowls.be+Brussels,+Belgium",,,
1,Transilvania,"Brussels, Belgium",50.8717383,4.3314778,Romanian,"https://www.google.com/maps/search/Transilvania+Brussels,+Belgium",,,
1,Fratello's,"Brussels, Belgium",50.8559366,4.4003529,Italian,"https://www.google.com/maps/search/Fratello's+Brussels,+Belgium",,,
1,Loulou,"Brussels, Belgium",50.8549958,4.39731,International,"https://www.google.com/maps/search/Loulou+Brussels,+Belgium",,,
1,Quick,"Brussels, Belgium",50.9015464,4.4823426,American,"https://www.google.com/maps/search/Quick+Brussels,+Belgium",,,
1,Le Mucha,"Brussels, Belgium",50.8312023,4.4533345,French,"https://www.google.com/maps/search/Le+Mucha+Brussels,+Belgium",,,
1,Tian Yuan House,"Brussels, Belgium",50.8285487,4.4607241,Chinese,"https://www.google.com/maps/search/Tian+Yuan+House+Brussels,+Belgium",,,
1,Pât'zza,"Brussels, Belgium",50.8680802,4.3357309,Pasta,"https://www.google.com/maps/search/Pât'zza+Brussels,+Belgium",,,
1,Swagat,"Brussels, Belgium",50.8577712,4.3539567,Indian,"https://www.google.com/maps/search/Swagat+Brussels,+Belgium",,,
1,Pizza Bento,"Brussels, Belgium",50.8759864,4.3369362,Italian,"https://www.google.com/maps/search/Pizza+Bento+Brussels,+Belgium",,,
1,Amakara,"Brussels, Belgium",50.8067204,4.3377661,Japanese,"https://www.google.com/maps/search/Amakara+Brussels,+Belgium",,,
1,Daily Pâtes,"Brussels, Belgium",50.8646434,4.3776334,Pasta,"https://www.google.com/maps/search/Daily+Pâtes+Brussels,+Belgium",,,
1,Thai Wok,"Brussels, Belgium",50.8621758,4.3647498,Thai,"https://www.google.com/maps/search/Thai+Wok+Brussels,+Belgium",,,
1,Pyramides,"Brussels, Belgium",50.8627192,4.3652204,Egyptian,"https://www.google.com/maps/search/Pyramides+Brussels,+Belgium",,,
1,Resto Royale Pavillon,"Brussels, Belgium",50.8695681,4.3714616,Italian,"https://www.google.com/maps/search/Resto+Royale+Pavillon+Brussels,+Belgium",,,
1,Pizza Like,"Brussels, Belgium",50.876539,4.3335425,Italian,"https://www.google.com/maps/search/Pizza+Like+Brussels,+Belgium",,,
1,Chardin,"Brussels, Belgium",50.8503997,4.3950016,American,"https://www.google.com/maps/search/Chardin+Brussels,+Belgium",,,
1,Grammes,"Brussels, Belgium",50.8239256,4.3494775,Italian,"https://www.google.com/maps/search/Grammes+Brussels,+Belgium",,,
1,Castello,"Brussels, Belgium",50.8756928,4.3479305,Mediterranean,"https://www.google.com/maps/search/Castello+Brussels,+Belgium",,,
1,London Brasserie,"Brussels, Belgium",50.8395202,4.3731355,French,"https://www.google.com/maps/search/London+Brasserie+Brussels,+Belgium",,,
1,Snow Lion,"Brussels, Belgium",50.8349199,4.3061211,Asian,"https://www.google.com/maps/search/Snow+Lion+Brussels,+Belgium",,,
1,Luciana Xavier,"Brussels, Belgium",50.8326508,4.3276817,Brazilian,"https://www.google.com/maps/search/Luciana+Xavier+Brussels,+Belgium",,,
1,BON,"Brussels, Belgium",50.8533152,4.35671,Bistro,"https://www.google.com/maps/search/BON+Brussels,+Belgium",,,
1,Minaô,"Brussels, Belgium",50.8681317,4.375133,Asian,"https://www.google.com/maps/search/Minaô+Brussels,+Belgium",,,
1,Le Pecheur Nord,"Brussels, Belgium",50.8553858,4.3570652,Fish,"https://www.google.com/maps/search/Le+Pecheur+Nord+Brussels,+Belgium",,,
1,Jaco,"Brussels, Belgium",50.7886478,4.3753458,Italian,"https://www.google.com/maps/search/Jaco+Brussels,+Belgium",,,
1,Il Valori,"Brussels, Belgium",50.8367767,4.3958906,Italian,"https://www.google.com/maps/search/Il+Valori+Brussels,+Belgium",,,
1,China Express,"Brussels, Belgium",50.8367897,4.3956702,Chinese,"https://www.google.com/maps/search/China+Express+Brussels,+Belgium",,,
1,Mia Pizza,"Brussels, Belgium",50.8215707,4.4059251,Italian,"https://www.google.com/maps/search/Mia+Pizza+Brussels,+Belgium",,,
1,Titan Food,"Brussels, Belgium",50.9107422,4.403712,American,"https://www.google.com/maps/search/Titan+Food+Brussels,+Belgium",,,
1,Dai Bimbi,"Brussels, Belgium",50.8313005,4.3997977,Italian,"https://www.google.com/maps/search/Dai+Bimbi+Brussels,+Belgium",,,
1,Hong Kong Express,"Brussels, Belgium",50.8303339,4.4008803,Chinese,"https://www.google.com/maps/search/Hong+Kong+Express+Brussels,+Belgium",,,
1,Mekong River,"Brussels, Belgium",50.88482,4.4706514,Thai,"https://www.google.com/maps/search/Mekong+River+Brussels,+Belgium",,,
1,The Good Friend,"Brussels, Belgium",50.8751216,4.3338047,Asian,"https://www.google.com/maps/search/The+Good+Friend+Brussels,+Belgium",,,
1,Amo,"Brussels, Belgium",50.9018002,4.481141,Italian,"https://www.google.com/maps/search/Amo+Brussels,+Belgium",,,
1,Taste of Italy,"Brussels, Belgium",50.8436667,4.3840729,Italian,"https://www.google.com/maps/search/Taste+of+Italy+Brussels,+Belgium",,,
1,Sofia,"Brussels, Belgium",50.8445947,4.3836469,Italian,"https://www.google.com/maps/search/Sofia+Brussels,+Belgium",,,
1,Dunkin Donuts,"Brussels, Belgium",50.9024108,4.4815855,Donut,"https://www.google.com/maps/search/Dunkin+Donuts+Brussels,+Belgium",,,
1,Guapa Juice,"Brussels, Belgium",50.9023491,4.4819163,Juice,"https://www.google.com/maps/search/Guapa+Juice+Brussels,+Belgium",,,
1,Almi Corner,"Brussels, Belgium",50.822247,4.4037917,Pasta,"https://www.google.com/maps/search/Almi+Corner+Brussels,+Belgium",,,
1,Traiteur chinois,"Brussels, Belgium",50.8089619,4.4029888,Chinese,"https://www.google.com/maps/search/Traiteur+chinois+Brussels,+Belgium",,,
1,SushiShop,"Brussels, Belgium",50.8367904,4.3355443,Japanese,"https://www.google.com/maps/search/SushiShop+Brussels,+Belgium",,,
1,Chez Abdel,"Brussels, Belgium",50.8283265,4.3313743,Juice,"https://www.google.com/maps/search/Chez+Abdel+Brussels,+Belgium",,,
1,MangiaSempre,"Brussels, Belgium",50.8202091,4.3270055,Italian,"https://www.google.com/maps/search/MangiaSempre+Brussels,+Belgium",,,
1,Arrivero Pizza,"Brussels, Belgium",50.8560939,4.4021389,Italian,"https://www.google.com/maps/search/Arrivero+Pizza+Brussels,+Belgium",,,
1,the corner,"Brussels, Belgium",50.8511731,4.343455,Pasta,"https://www.google.com/maps/search/the+corner+Brussels,+Belgium",,,
1,Il Pasticcio,"Brussels, Belgium",50.8389546,4.3708495,Italian,"https://www.google.com/maps/search/Il+Pasticcio+Brussels,+Belgium",,,
1,Sans Chi Chi,"Brussels, Belgium",50.7804493,4.3255126,French,"https://www.google.com/maps/search/Sans+Chi+Chi+Brussels,+Belgium",,,
1,Jimbo,"Brussels, Belgium",50.7786388,4.3256195,American,"https://www.google.com/maps/search/Jimbo+Brussels,+Belgium",,,
1,Da Gaetano,"Brussels, Belgium",50.8522074,4.3865815,Italian,"https://www.google.com/maps/search/Da+Gaetano+Brussels,+Belgium",,,
1,Mama Tira,"Brussels, Belgium",50.875719,4.3359082,Tiramisu,"https://www.google.com/maps/search/Mama+Tira+Brussels,+Belgium",,,
1,Pokawa,"Brussels, Belgium",50.841432,4.465068,Poke,"https://www.google.com/maps/search/Pokawa+Brussels,+Belgium",,,
1,Exki,"Brussels, Belgium",50.8800407,4.4260986,Healthy,"https://www.google.com/maps/search/Exki+Brussels,+Belgium",,,
1,Crep' & Cream,"Brussels, Belgium",50.8389444,4.3308849,Crepe,"https://www.google.com/maps/search/Crep'+&+Cream+Brussels,+Belgium",,,
1,Il Giardino,"Brussels, Belgium",50.7845113,4.3780555,Italian,"https://www.google.com/maps/search/Il+Giardino+Brussels,+Belgium",,,
1,elissa,"Brussels, Belgium",50.8651502,4.3590348,Mediterranean,"https://www.google.com/maps/search/elissa+Brussels,+Belgium",,,
1,Pokawa,"Brussels, Belgium",50.8368353,4.3358053,Hawaiian,"https://www.google.com/maps/search/Pokawa+Brussels,+Belgium",,,
1,Snack Amelia,"Brussels, Belgium",50.8608081,4.3320449,Barbecue,"https://www.google.com/maps/search/Snack+Amelia+Brussels,+Belgium",,,
1,Nati A Palermo,"Brussels, Belgium",50.8477908,4.388758,Italian,"https://www.google.com/maps/search/Nati+A+Palermo+Brussels,+Belgium",,,
1,Red Chillies,"Brussels, Belgium",50.8688004,4.4545124,Indian,"https://www.google.com/maps/search/Red+Chillies+Brussels,+Belgium",,,
1,Caruso,"Brussels, Belgium",50.818129,4.4187353,Italian,"https://www.google.com/maps/search/Caruso+Brussels,+Belgium",,,
1,Brasserie du Prince d'Orange,"Brussels, Belgium",50.7811229,4.3806226,French,"https://www.google.com/maps/search/Brasserie+du+Prince+d'Orange+Brussels,+Belgium",,,
1,Chaba Thai,"Brussels, Belgium",50.8434461,4.375063,Thai,"https://www.google.com/maps/search/Chaba+Thai+Brussels,+Belgium",,,
1,Belchicken,"Brussels, Belgium",50.8490916,4.458793,Chicken,"https://www.google.com/maps/search/Belchicken+Brussels,+Belgium",,,
1,Don Antonio,"Brussels, Belgium",50.839531,4.400814,Italian,"https://www.google.com/maps/search/Don+Antonio+Brussels,+Belgium",,,
1,McDonald's,"Brussels, Belgium",50.7862382,4.5003384,American,"https://www.google.com/maps/search/McDonald's+Brussels,+Belgium",,,
1,Deby's Delice,"Brussels, Belgium",50.8449998,4.356791,African,"https://www.google.com/maps/search/Deby's+Delice+Brussels,+Belgium",,,
1,Correspondance,"Brussels, Belgium",50.8641454,4.3450047,Brasserie,"https://www.google.com/maps/search/Correspondance+Brussels,+Belgium",,,
1,Tortilleria Benelux,"Brussels, Belgium",50.8595346,4.3691786,Mexican,"https://www.google.com/maps/search/Tortilleria+Benelux+Brussels,+Belgium",,,
1,Foodmaker,"Brussels, Belgium",50.886628,4.4528476,Salad,"https://www.google.com/maps/search/Foodmaker+Brussels,+Belgium",,,
1,Thai Café,"Brussels, Belgium",50.7892894,4.375206,Thai,"https://www.google.com/maps/search/Thai+Café+Brussels,+Belgium",,,
1,Pizza Hut,"Brussels, Belgium",50.8285217,4.3049876,Italian,"https://www.google.com/maps/search/Pizza+Hut+Brussels,+Belgium",,,
1,Pizza Hut,"Brussels, Belgium",50.8598844,4.3082144,Italian,"https://www.google.com/maps/search/Pizza+Hut+Brussels,+Belgium",,,
1,Spicy House,"Brussels, Belgium",50.8510978,4.3821855,Indian,"https://www.google.com/maps/search/Spicy+House+Brussels,+Belgium",,,
1,Pizza Hut,"Brussels, Belgium",50.8583528,4.4120782,Italian,"https://www.google.com/maps/search/Pizza+Hut+Brussels,+Belgium",,,
1,Adrian's,"Brussels, Belgium",50.8404182,4.4622338,International,"https://www.google.com/maps/search/Adrian's+Brussels,+Belgium",,,
1,Comme Chez Fleur,"Brussels, Belgium",50.7879561,4.3759357,Thai,"https://www.google.com/maps/search/Comme+Chez+Fleur+Brussels,+Belgium",,,
1,Toma Mate,"Brussels, Belgium",50.7696795,4.3115155,Argentinian,"https://www.google.com/maps/search/Toma+Mate+Brussels,+Belgium",,,
1,Pizza Margherita,"Brussels, Belgium",50.874353,4.3866068,Italian,"https://www.google.com/maps/search/Pizza+Margherita+Brussels,+Belgium",,,
1,Il Ramo Verdee,"Brussels, Belgium",50.842708,4.3768554,Italian,"https://www.google.com/maps/search/Il+Ramo+Verdee+Brussels,+Belgium",,,
1,Bulan Thai,"Brussels, Belgium",50.8851833,4.4702812,Thai,"https://www.google.com/maps/search/Bulan+Thai+Brussels,+Belgium",,,
1,The Waffle,"Brussels, Belgium",50.8653089,4.3489122,Waffle,"https://www.google.com/maps/search/The+Waffle+Brussels,+Belgium",,,
1,The Waffle,"Brussels, Belgium",50.8651906,4.3451965,Waffle,"https://www.google.com/maps/search/The+Waffle+Brussels,+Belgium",,,
1,Princesse Pizzeria,"Brussels, Belgium",50.852789,4.3889271,Italian,"https://www.google.com/maps/search/Princesse+Pizzeria+Brussels,+Belgium",,,
1,Sushi Park,"Brussels, Belgium",50.8633544,4.3774723,Japanese,"https://www.google.com/maps/search/Sushi+Park+Brussels,+Belgium",,,
1,Spicy Mahal,"Brussels, Belgium",50.8365816,4.3263653,Indian,"https://www.google.com/maps/search/Spicy+Mahal+Brussels,+Belgium",,,
1,Ma Broeck,"Brussels, Belgium",50.8372227,4.3052422,World,"https://www.google.com/maps/search/Ma+Broeck+Brussels,+Belgium",,,
1,Petite Restauration Spécialités Africaines,"Brussels, Belgium",50.8331922,4.3370497,African,"https://www.google.com/maps/search/Petite+Restauration+Spécialités+Africaines+Brussels,+Belgium",,,
1,Pintong,"Brussels, Belgium",50.8430827,4.410434,Thai,"https://www.google.com/maps/search/Pintong+Brussels,+Belgium",,,
1,Le Ketje,"Brussels, Belgium",50.8346806,4.3458107,Pasta,"https://www.google.com/maps/search/Le+Ketje+Brussels,+Belgium",,,
1,Pizza Hut,"Brussels, Belgium",50.8152038,4.4237053,Italian,"https://www.google.com/maps/search/Pizza+Hut+Brussels,+Belgium",,,
1,CTR Chicken,"Brussels, Belgium",50.8588774,4.3604063,Chicken,"https://www.google.com/maps/search/CTR+Chicken+Brussels,+Belgium",,,
1,Yin-Yuan,"Brussels, Belgium",50.8586963,4.4144574,Chinese,"https://www.google.com/maps/search/Yin-Yuan+Brussels,+Belgium",,,
1,Papay Food,"Brussels, Belgium",50.8580355,4.3398062,Syrian,"https://www.google.com/maps/search/Papay+Food+Brussels,+Belgium",,,
1,Chez Thèo,"Brussels, Belgium",50.8133495,4.3818118,Regional,"https://www.google.com/maps/search/Chez+Thèo+Brussels,+Belgium",,,
1,Foodmaker,"Brussels, Belgium",50.8572527,4.3545244,Salad,"https://www.google.com/maps/search/Foodmaker+Brussels,+Belgium",,,
1,Ikigai Sushi,"Brussels, Belgium",50.8578373,4.3539934,Japanese,"https://www.google.com/maps/search/Ikigai+Sushi+Brussels,+Belgium",,,
1,Belchicken,"Brussels, Belgium",50.8034088,4.337473,Chicken,"https://www.google.com/maps/search/Belchicken+Brussels,+Belgium",,,
1,Pizza Hut,"Kerklaan 37, 1830, Machelen",50.9129794,4.4300279,Italian,"https://www.google.com/maps/search/Pizza+Hut+Kerklaan+37,+1830,+Machelen",,,
1,Quick,"Brussels, Belgium",50.8489863,4.4613281,American,"https://www.google.com/maps/search/Quick+Brussels,+Belgium",,,
1,Café-Restaurant Den Ouden Belg,"Dorpsstraat 40, 1731, Relegem",50.9001122,4.2809868,Regional,"https://www.google.com/maps/search/Café-Restaurant+Den+Ouden+Belg+Dorpsstraat+40,+1731,+Relegem",,,
1,BE BURGER,"Hector Henneaulaan 164, 1930, Zaventem",50.8810336,4.4666381,American,"https://www.google.com/maps/search/BE+BURGER+Hector+Henneaulaan+164,+1930,+Zaventem",,,
1,Ristorante di Parma,Mechelsesteenweg - Chaussée de Malines,50.8450923,4.5005309,Italian,https://www.google.com/maps/search/Ristorante+di+Parma+Mechelsesteenweg+-+Chaussée+de+Malines,,,
1,Brasserie Kasteel Beersel,"Lotsestraat 65, 1650, Beersel",50.7664456,4.300524,Brasserie,"https://www.google.com/maps/search/Brasserie+Kasteel+Beersel+Lotsestraat+65,+1650,+Beersel",,,
1,Krok & Ko,Kerkstraat 55,50.839456,4.2509473,Regional,https://www.google.com/maps/search/Krok+&+Ko+Kerkstraat+55,,,
1,De Neu Pruim,Steenweg op Ukkel 110,50.7701651,4.3129201,Regional,https://www.google.com/maps/search/De+Neu+Pruim+Steenweg+op+Ukkel+110,,,
1,McDonald's,"Bergensesteenweg 427, 1601, Sint-Pieters-Leeuw",50.7835633,4.2764377,American,"https://www.google.com/maps/search/McDonald's+Bergensesteenweg+427,+1601,+Sint-Pieters-Leeuw",,,
2,Taverne,"Brussels, Belgium",50.8811825,4.4743195,Restaurant,"https://www.google.com/maps/search/Taverne+Brussels,+Belgium",,,
2,Pizza Romano,"Brussels, Belgium",50.8819038,4.4731246,Restaurant,"https://www.google.com/maps/search/Pizza+Romano+Brussels,+Belgium",,,
2,Restaurant Pirate-Café Brasserie,"Brussels, Belgium",50.8680663,4.4522992,Restaurant,"https://www.google.com/maps/search/Restaurant+Pirate-Café+Brasserie+Brussels,+Belgium",,,
2,Restaurant Cosmopolite,"Brussels, Belgium",50.8787444,4.4565767,Restaurant,"https://www.google.com/maps/search/Restaurant+Cosmopolite+Brussels,+Belgium",,,
2,Le Médicis,"Brussels, Belgium",50.8385577,4.4633861,Restaurant,"https://www.google.com/maps/search/Le+Médicis+Brussels,+Belgium",,,
2,La Perle du Désert,"Brussels, Belgium",50.8661866,4.453252,Restaurant,"https://www.google.com/maps/search/La+Perle+du+Désert+Brussels,+Belgium",,,
2,Restaurant Sirtaki,"Brussels, Belgium",50.8660914,4.4419858,Restaurant,"https://www.google.com/maps/search/Restaurant+Sirtaki+Brussels,+Belgium",,,
2,Stradur,"Brussels, Belgium",50.8673783,4.4478478,Restaurant,"https://www.google.com/maps/search/Stradur+Brussels,+Belgium",,,
2,Global Village,"Brussels, Belgium",50.870262,4.4635092,Restaurant,"https://www.google.com/maps/search/Global+Village+Brussels,+Belgium",,,
2,Restaurant Sava,Steenokkerzeelstraat 127,50.8882335,4.4743156,Restaurant,https://www.google.com/maps/search/Restaurant+Sava+Steenokkerzeelstraat+127,,,
2,Restaurant Lotus,"Brussels, Belgium",50.8647703,4.4576332,Restaurant,"https://www.google.com/maps/search/Restaurant+Lotus+Brussels,+Belgium",,,
2,Brasserie Le Chalet Vert,"Rue de la Limite 145, 1970",50.8307725,4.5155691,Restaurant,"https://www.google.com/maps/search/Brasserie+Le+Chalet+Vert+Rue+de+la+Limite+145,+1970",,,
2,Le Prince Rose,"Brussels, Belgium",50.8440149,4.5103046,Restaurant,"https://www.google.com/maps/search/Le+Prince+Rose+Brussels,+Belgium",,,
2,Balthazar,"Brussels, Belgium",50.8435388,4.5095552,Restaurant,"https://www.google.com/maps/search/Balthazar+Brussels,+Belgium",,,
2,Hof Ten As,"Brussels, Belgium",50.9191402,4.4908974,Restaurant,"https://www.google.com/maps/search/Hof+Ten+As+Brussels,+Belgium",,,
2,Brasserie Mariadal,"Brussels, Belgium",50.8805878,4.4777017,Restaurant,"https://www.google.com/maps/search/Brasserie+Mariadal+Brussels,+Belgium",,,
2,Au Rallye des Autos,"Brussels, Belgium",50.783931,4.3789098,Restaurant,"https://www.google.com/maps/search/Au+Rallye+des+Autos+Brussels,+Belgium",,,
2,Snack Spuntino,"Brussels, Belgium",50.9067282,4.4135851,Restaurant,"https://www.google.com/maps/search/Snack+Spuntino+Brussels,+Belgium",,,
2,Manzo by Antonio Morreale,Steenokkerzeelstraat 151,50.8887152,4.4735464,Restaurant,https://www.google.com/maps/search/Manzo+by+Antonio+Morreale+Steenokkerzeelstraat+151,,,
2,Ristorante Serenata,"Brussels, Belgium",50.8850336,4.4704338,Restaurant,"https://www.google.com/maps/search/Ristorante+Serenata+Brussels,+Belgium",,,
2,Les Amis Dînent,"Brussels, Belgium",50.8422419,4.4969728,Restaurant,"https://www.google.com/maps/search/Les+Amis+Dînent+Brussels,+Belgium",,,
2,Food Inspiration,"Brussels, Belgium",50.8368952,4.3881907,Restaurant,"https://www.google.com/maps/search/Food+Inspiration+Brussels,+Belgium",,,
2,Le Quartier Latin,"Brussels, Belgium",50.8223662,4.3886139,Restaurant,"https://www.google.com/maps/search/Le+Quartier+Latin+Brussels,+Belgium",,,
2,Snack Merode,"Brussels, Belgium",50.8386772,4.3978455,Restaurant,"https://www.google.com/maps/search/Snack+Merode+Brussels,+Belgium",,,
2,Chez Amina,"Brussels, Belgium",50.838439,4.382078,Restaurant,"https://www.google.com/maps/search/Chez+Amina+Brussels,+Belgium",,,
2,Snack Musti,"Brussels, Belgium",50.8560664,4.3840718,Restaurant,"https://www.google.com/maps/search/Snack+Musti+Brussels,+Belgium",,,
2,La Couronne,"Brussels, Belgium",50.8591422,4.3784109,Restaurant,"https://www.google.com/maps/search/La+Couronne+Brussels,+Belgium",,,
2,Babbelaar,"Brussels, Belgium",50.7903121,4.2975797,Restaurant,"https://www.google.com/maps/search/Babbelaar+Brussels,+Belgium",,,
2,Galya,"Brussels, Belgium",50.8375171,4.4156212,Restaurant,"https://www.google.com/maps/search/Galya+Brussels,+Belgium",,,
2,Italia,"Brussels, Belgium",50.8804937,4.514905,Restaurant,"https://www.google.com/maps/search/Italia+Brussels,+Belgium",,,
2,Bistro R,"Brussels, Belgium",50.8775134,4.5051387,Restaurant,"https://www.google.com/maps/search/Bistro+R+Brussels,+Belgium",,,
2,Zalen Ons Huis,"Brussels, Belgium",50.870122,4.4496876,Restaurant,"https://www.google.com/maps/search/Zalen+Ons+Huis+Brussels,+Belgium",,,
2,Snack Walim,"Brussels, Belgium",50.861068,4.3641401,Restaurant,"https://www.google.com/maps/search/Snack+Walim+Brussels,+Belgium",,,
2,Haci Baba,"Brussels, Belgium",50.861374,4.3638893,Restaurant,"https://www.google.com/maps/search/Haci+Baba+Brussels,+Belgium",,,
2,Taverne-Snack De V.W. Cox,"Brussels, Belgium",50.8885434,4.2675711,Restaurant,"https://www.google.com/maps/search/Taverne-Snack+De+V.W.+Cox+Brussels,+Belgium",,,
2,Les Deux Maisons,"Brussels, Belgium",50.8414031,4.4598395,Restaurant,"https://www.google.com/maps/search/Les+Deux+Maisons+Brussels,+Belgium",,,
2,La Luna,"Brussels, Belgium",50.8628657,4.3065669,Restaurant,"https://www.google.com/maps/search/La+Luna+Brussels,+Belgium",,,
2,Les frères Sen,"Brussels, Belgium",50.8714875,4.344992,Restaurant,"https://www.google.com/maps/search/Les+frères+Sen+Brussels,+Belgium",,,
2,Let's Co,"Brussels, Belgium",50.8666223,4.3420061,Restaurant,"https://www.google.com/maps/search/Let's+Co+Brussels,+Belgium",,,
2,L'Oppem,"Brussels, Belgium",50.8411409,4.4950257,Restaurant,"https://www.google.com/maps/search/L'Oppem+Brussels,+Belgium",,,
2,By ME,"Mechelsesteenweg - Chaussée de Malines 169, 1970, Wezembeek-Oppem",50.8400126,4.4934077,Restaurant,"https://www.google.com/maps/search/By+ME+Mechelsesteenweg+-+Chaussée+de+Malines+169,+1970,+Wezembeek-Oppem",,,
2,Bistro Blue Heaven,"Brussels, Belgium",50.8463972,4.4842772,Restaurant,"https://www.google.com/maps/search/Bistro+Blue+Heaven+Brussels,+Belgium",,,
2,Snack Famille,"Brussels, Belgium",50.8361716,4.315461,Restaurant,"https://www.google.com/maps/search/Snack+Famille+Brussels,+Belgium",,,
2,Restaurant Jeroen Storme,"Heirbaan 210, 1830",50.9168385,4.4489559,Restaurant,"https://www.google.com/maps/search/Restaurant+Jeroen+Storme+Heirbaan+210,+1830",,,
2,Folklor,"Brussels, Belgium",50.8369233,4.3963302,Restaurant,"https://www.google.com/maps/search/Folklor+Brussels,+Belgium",,,
2,Lebanon Palace,"Brussels, Belgium",50.8495927,4.5059353,Restaurant,"https://www.google.com/maps/search/Lebanon+Palace+Brussels,+Belgium",,,
2,Eden's Garden,"Brussels, Belgium",50.8837386,4.2757125,Restaurant,"https://www.google.com/maps/search/Eden's+Garden+Brussels,+Belgium",,,
2,Le Coin,"Brussels, Belgium",50.8241911,4.4006945,Restaurant,"https://www.google.com/maps/search/Le+Coin+Brussels,+Belgium",,,
2,Tapa Ti,Beekstraat 48,50.8570976,4.5126833,Restaurant,https://www.google.com/maps/search/Tapa+Ti+Beekstraat+48,,,
2,Aux deux gares,"Brussels, Belgium",50.8323784,4.3261356,Restaurant,"https://www.google.com/maps/search/Aux+deux+gares+Brussels,+Belgium",,,
2,X-it 12,"Brussels, Belgium",50.8601324,4.278324,Restaurant,"https://www.google.com/maps/search/X-it+12+Brussels,+Belgium",,,
2,Snack Leuven,"Brussels, Belgium",50.8678991,4.4504558,Restaurant,"https://www.google.com/maps/search/Snack+Leuven+Brussels,+Belgium",,,
2,Cakir,"Brussels, Belgium",50.8635568,4.3729417,Restaurant,"https://www.google.com/maps/search/Cakir+Brussels,+Belgium",,,
2,L'Arrosoir,"Brussels, Belgium",50.8160114,4.4256643,Restaurant,"https://www.google.com/maps/search/L'Arrosoir+Brussels,+Belgium",,,
2,Il Cappuccino,"Brussels, Belgium",50.8730516,4.3247433,Restaurant,"https://www.google.com/maps/search/Il+Cappuccino+Brussels,+Belgium",,,
2,Snack au Petit Creux,"Brussels, Belgium",50.8518004,4.3850705,Restaurant,"https://www.google.com/maps/search/Snack+au+Petit+Creux+Brussels,+Belgium",,,
2,Snack Saint-Antoine,"Brussels, Belgium",50.8301919,4.3863548,Restaurant,"https://www.google.com/maps/search/Snack+Saint-Antoine+Brussels,+Belgium",,,
2,Karaca Concept,"Brussels, Belgium",50.8581051,4.3831557,Restaurant,"https://www.google.com/maps/search/Karaca+Concept+Brussels,+Belgium",,,
2,Taverne Brusilia,"Brussels, Belgium",50.8631991,4.3796739,Restaurant,"https://www.google.com/maps/search/Taverne+Brusilia+Brussels,+Belgium",,,
2,Taverne Le Pavillon,"Brussels, Belgium",50.8361264,4.3059161,Coffee_Shop,"https://www.google.com/maps/search/Taverne+Le+Pavillon+Brussels,+Belgium",,,
2,Snack Araff,"Brussels, Belgium",50.8641928,4.365932,Restaurant,"https://www.google.com/maps/search/Snack+Araff+Brussels,+Belgium",,,
2,Snack Salam,"Brussels, Belgium",50.8696933,4.3712446,Restaurant,"https://www.google.com/maps/search/Snack+Salam+Brussels,+Belgium",,,
2,Tayba Family,"Brussels, Belgium",50.8706656,4.3719517,Restaurant,"https://www.google.com/maps/search/Tayba+Family+Brussels,+Belgium",,,
2,Le Grand Salon,"Brussels, Belgium",50.766575,4.3076025,Restaurant,"https://www.google.com/maps/search/Le+Grand+Salon+Brussels,+Belgium",,,
2,Snack Club,"Brussels, Belgium",50.8500735,4.4509378,Sandwich,"https://www.google.com/maps/search/Snack+Club+Brussels,+Belgium",,,
2,D'Ici & d'Ailleurs,"Brussels, Belgium",50.8500511,4.4534181,Restaurant,"https://www.google.com/maps/search/D'Ici+&+d'Ailleurs+Brussels,+Belgium",,,
2,Petite Miette,"Brussels, Belgium",50.8176863,4.3404794,Restaurant,"https://www.google.com/maps/search/Petite+Miette+Brussels,+Belgium",,,
2,Le Saint Hubert,"Brussels, Belgium",50.8497369,4.3902097,Restaurant,"https://www.google.com/maps/search/Le+Saint+Hubert+Brussels,+Belgium",,,
2,La Galia,"Brussels, Belgium",50.8434426,4.3752631,Restaurant,"https://www.google.com/maps/search/La+Galia+Brussels,+Belgium",,,
2,Park Side Brasserie,"Brussels, Belgium",50.8421472,4.3859761,Restaurant,"https://www.google.com/maps/search/Park+Side+Brasserie+Brussels,+Belgium",,,
2,LUX/BXL,"Brussels, Belgium",50.8388893,4.3708652,Restaurant,"https://www.google.com/maps/search/LUX/BXL+Brussels,+Belgium",,,
2,Snackôpâtes,"Brussels, Belgium",50.8171241,4.3815077,Restaurant,"https://www.google.com/maps/search/Snackôpâtes+Brussels,+Belgium",,,
2,Le Sanglier,"Brussels, Belgium",50.8547034,4.3156825,Restaurant,"https://www.google.com/maps/search/Le+Sanglier+Brussels,+Belgium",,,
2,Happy Bôl,"Brussels, Belgium",50.8524191,4.3534863,Restaurant,"https://www.google.com/maps/search/Happy+Bôl+Brussels,+Belgium",,,
2,Asian fast food,"Brussels, Belgium",50.8702131,4.3717051,Restaurant,"https://www.google.com/maps/search/Asian+fast+food+Brussels,+Belgium",,,
2,Snack Ot’s,"Brussels, Belgium",50.8710121,4.3753126,Restaurant,"https://www.google.com/maps/search/Snack+Ot’s+Brussels,+Belgium",,,
2,Bak,"Brussels, Belgium",50.815834,4.3674749,Restaurant,"https://www.google.com/maps/search/Bak+Brussels,+Belgium",,,
